,topic,word,count,prop,score
0,1,young,35,0.0072992700729927005,0.32279
1,1,young,35,0.0072992700729927005,0.3705
2,1,screaming,19,0.003962460896767466,-0.09158
3,1,screaming,19,0.003962460896767466,0.10554000000000001
4,1,table,11,0.0022940563086548487,0.0
5,1,table,11,0.0022940563086548487,0.0
6,1,fall,7,0.00145985401459854,-0.28274
7,1,fall,7,0.00145985401459854,-0.27401
8,1,left,28,0.00583941605839416,-0.01907
9,1,left,28,0.00583941605839416,0.0
10,1,left,28,0.00583941605839416,0.0
11,1,small,20,0.004171011470281543,0.16594
12,1,small,20,0.004171011470281543,0.0
13,1,small,20,0.004171011470281543,0.0
14,1,man,147,0.030656934306569343,0.11479
15,1,man,147,0.030656934306569343,0.0
16,1,work,11,0.0022940563086548487,0.00472
17,1,work,11,0.0022940563086548487,0.03307
18,1,built,4,0.0008342022940563086,0.0
22,1,grow,5,0.0010427528675703858,0.0
23,1,back,94,0.019603753910323252,-0.0179
24,1,back,94,0.019603753910323252,0.0
25,1,back,94,0.019603753910323252,0.0
26,1,back,94,0.019603753910323252,-0.01036
27,1,hard,7,0.00145985401459854,-0.13881
28,1,hard,7,0.00145985401459854,-0.13172
30,1,relative,4,0.0008342022940563086,0.23536999999999997
31,1,relative,4,0.0008342022940563086,0.0
32,1,uncomfortable,23,0.004796663190823775,-0.54269
33,1,dirty,7,0.00145985401459854,-0.4695
34,1,dirty,7,0.00145985401459854,-0.46668000000000004
35,1,feel,41,0.008550573514077163,0.2657
36,1,feel,41,0.008550573514077163,0.29207
38,1,body,33,0.0068821689259645465,0.0
39,1,body,33,0.0068821689259645465,0.0
40,1,forced,16,0.0033368091762252345,-0.02348
41,1,house,25,0.005213764337851929,0.0
42,1,house,25,0.005213764337851929,0.0
44,1,older,40,0.008342022940563087,0.26384
47,1,phone,36,0.007507820646506778,0.0
48,1,phone,36,0.007507820646506778,0.0
49,1,blessing,3,0.0006256517205422315,0.5736100000000001
51,1,door,50,0.010427528675703858,0.0
52,1,free,9,0.0018769551616266945,0.85955
53,1,free,9,0.0018769551616266945,0.0
54,1,free,9,0.0018769551616266945,0.0
55,1,free,9,0.0018769551616266945,0.81944
59,1,guess,16,0.0033368091762252345,0.0669
60,1,guess,16,0.0033368091762252345,0.04131
61,1,police,54,0.011261730969760167,0.0
62,1,police,54,0.011261730969760167,-0.07468
63,1,christian,8,0.0016684045881126173,0.17964000000000002
64,1,christian,8,0.0016684045881126173,0.0
65,1,turned,41,0.008550573514077163,-0.06819
67,1,public,6,0.001251303441084463,0.13594
68,1,public,6,0.001251303441084463,0.0
69,1,funny,13,0.002711157455683003,0.62654
70,1,funny,13,0.002711157455683003,0.0
71,1,husband,35,0.0072992700729927005,0.0
72,1,husband,35,0.0072992700729927005,0.0
73,1,touch,18,0.003753910323253389,0.43756999999999996
74,1,touch,18,0.003753910323253389,0.45965
76,1,fear,11,0.0022940563086548487,-0.49503
77,1,fear,11,0.0022940563086548487,-0.5352399999999999
78,1,home,102,0.021272158498435872,0.0
79,1,home,102,0.021272158498435872,0.58481
80,1,home,102,0.021272158498435872,0.0
81,1,home,102,0.021272158498435872,0.0
82,1,late,15,0.0031282586027111575,-0.40909
83,1,late,15,0.0031282586027111575,-0.46069
84,1,luckily,9,0.0018769551616266945,0.21734
86,1,sexual,18,0.003753910323253389,0.46215
87,1,room,11,0.0022940563086548487,0.14504
88,1,room,11,0.0022940563086548487,0.18109
89,1,meeting,3,0.0006256517205422315,-0.10807
91,1,works,4,0.0008342022940563086,0.11685
92,1,dress,7,0.00145985401459854,0.38201999999999997
93,1,dress,7,0.00145985401459854,0.35704
94,1,dress,7,0.00145985401459854,0.35236999999999996
95,1,lost,3,0.0006256517205422315,-0.61051
96,1,lost,3,0.0006256517205422315,0.0
97,1,high,35,0.0072992700729927005,0.24731
98,1,high,35,0.0072992700729927005,0.1976
99,1,high,35,0.0072992700729927005,0.17825
100,1,school,84,0.017518248175182483,0.0
101,1,school,84,0.017518248175182483,0.07764
102,1,walk,32,0.006673618352450469,0.43399
103,1,walk,32,0.006673618352450469,0.48299
104,1,standing,17,0.003545359749739312,-0.21372
105,1,standing,17,0.003545359749739312,0.08459
106,1,boy,25,0.005213764337851929,0.25627
107,1,girl,78,0.01626694473409802,0.5773699999999999
108,1,interested,8,0.0016684045881126173,0.48373999999999995
109,1,poor,5,0.0010427528675703858,-0.33378
110,1,poor,5,0.0010427528675703858,0.0
112,1,middle,21,0.004379562043795621,0.0
113,1,middle,21,0.004379562043795621,0.0
114,1,middle,21,0.004379562043795621,0.0
115,1,town,24,0.005005213764337852,0.0
116,1,making,26,0.005422314911366006,0.0
117,1,twin,2,0.0004171011470281543,0.0
118,1,twin,2,0.0004171011470281543,0.0
119,1,twin,2,0.0004171011470281543,0.17672000000000002
120,1,face,49,0.010218978102189781,0.3422
121,1,face,49,0.010218978102189781,0.34417
122,1,drunken,2,0.0004171011470281543,-0.45986000000000005
123,1,thankful,7,0.00145985401459854,0.71131
125,1,park,11,0.0022940563086548487,0.0
126,1,park,11,0.0022940563086548487,0.0
128,1,windows,1,0.00020855057351407716,0.0
129,1,air,5,0.0010427528675703858,0.0
130,1,air,5,0.0010427528675703858,0.47951000000000005
131,1,safe,21,0.004379562043795621,0.67085
132,1,safe,21,0.004379562043795621,0.66125
134,1,sofa,2,0.0004171011470281543,0.0
137,1,reaching,2,0.0004171011470281543,0.0
138,1,slap,6,0.001251303441084463,0.0
139,1,slap,6,0.001251303441084463,0.0
140,1,slap,6,0.001251303441084463,0.0
141,1,fast,8,0.0016684045881126173,0.27532
142,1,fast,8,0.0016684045881126173,0.0
143,1,fast,8,0.0016684045881126173,0.0
144,1,fast,8,0.0016684045881126173,0.0
145,1,side,7,0.00145985401459854,0.0
146,1,side,7,0.00145985401459854,0.08868
147,1,side,7,0.00145985401459854,0.0
148,1,screw,2,0.0004171011470281543,0.0
149,1,screw,2,0.0004171011470281543,0.02665
150,1,trapped,6,0.001251303441084463,0.0
151,1,completely,6,0.001251303441084463,0.23060999999999998
152,1,tired,1,0.00020855057351407716,-0.17987999999999998
153,1,pac,1,0.00020855057351407716,0.0
154,1,brutally,2,0.0004171011470281543,0.15793
155,1,quickly,10,0.0020855057351407717,0.0
157,1,visit,9,0.0018769551616266945,0.0
158,1,visit,9,0.0018769551616266945,0.37801999999999997
159,1,guard,8,0.0016684045881126173,0.21615
160,1,guard,8,0.0016684045881126173,0.25816
161,1,dating,18,0.003753910323253389,0.0
162,1,whispered,3,0.0006256517205422315,-0.19821
163,1,determined,5,0.0010427528675703858,-0.01616
164,1,teacher,9,0.0018769551616266945,0.61085
165,1,friend,113,0.02356621480709072,0.47686999999999996
167,1,sacrifice,2,0.0004171011470281543,-0.08345
168,1,sacrifice,2,0.0004171011470281543,-0.03659
169,1,watching,18,0.003753910323253389,0.0
171,1,erect,1,0.00020855057351407716,0.24185
172,1,erect,1,0.00020855057351407716,0.0
173,1,car,37,0.007716371220020855,0.0
175,1,hand,37,0.007716371220020855,0.27758
176,1,hand,37,0.007716371220020855,0.0
178,1,accomplished,1,0.00020855057351407716,0.28448
180,1,management,5,0.0010427528675703858,0.0
182,1,lift,6,0.001251303441084463,0.0
183,1,lift,6,0.001251303441084463,0.048780000000000004
184,1,insisting,3,0.0006256517205422315,-0.07997
185,1,libel,1,0.00020855057351407716,0.0
186,1,libel,1,0.00020855057351407716,-0.37171
187,1,officially,4,0.0008342022940563086,0.0
189,1,closing,2,0.0004171011470281543,0.0
190,1,closing,2,0.0004171011470281543,0.0
191,1,guy,92,0.0191866527632951,0.0
192,1,guy,92,0.0191866527632951,0.0
193,1,navigate,2,0.0004171011470281543,0.0
194,1,corner,13,0.002711157455683003,-0.044539999999999996
195,1,corner,13,0.002711157455683003,0.0
196,1,mouth,22,0.004588112617309697,0.0
197,1,mouth,22,0.004588112617309697,0.0
199,1,spoken,7,0.00145985401459854,-0.19821
200,1,traveled,1,0.00020855057351407716,0.0
201,1,place,2,0.0004171011470281543,0.21994
202,1,place,2,0.0004171011470281543,0.18407
203,1,shitty,3,0.0006256517205422315,-0.70641
204,1,taxi,2,0.0004171011470281543,0.0
205,1,taxi,2,0.0004171011470281543,0.0
206,1,sat,7,0.00145985401459854,0.0
208,1,paralyzed,5,0.0010427528675703858,-0.34088
209,1,medical,4,0.0008342022940563086,0.04265
210,1,medical,4,0.0008342022940563086,0.10297
215,1,develop,3,0.0006256517205422315,0.30418
216,1,give,21,0.004379562043795621,0.0
217,1,give,21,0.004379562043795621,0.66009
221,1,staring,9,0.0018769551616266945,0.16575
223,1,august,1,0.00020855057351407716,0.07583
224,1,august,1,0.00020855057351407716,0.0
226,1,scream,3,0.0006256517205422315,-0.5192899999999999
227,1,scream,3,0.0006256517205422315,0.0
228,1,embarrassed,8,0.0016684045881126173,-0.35499
231,1,dark,9,0.0018769551616266945,0.052779999999999994
232,1,dark,9,0.0018769551616266945,0.02266
233,1,parking,9,0.0018769551616266945,0.0
234,1,full,11,0.0022940563086548487,0.20878000000000002
235,1,full,11,0.0022940563086548487,0.0
236,1,full,11,0.0022940563086548487,0.0
237,1,full,11,0.0022940563086548487,0.0
238,1,rally,1,0.00020855057351407716,-0.1294
239,1,rally,1,0.00020855057351407716,-0.10137
241,1,flat,3,0.0006256517205422315,-0.14355
242,1,flat,3,0.0006256517205422315,-0.16935
243,1,flat,3,0.0006256517205422315,-0.14322000000000001
245,1,play,13,0.002711157455683003,0.59048
246,1,play,13,0.002711157455683003,0.68824
247,1,knife,13,0.002711157455683003,0.0
248,1,knife,13,0.002711157455683003,0.0
249,1,fuck,16,0.0033368091762252345,0.0
250,1,fuck,16,0.0033368091762252345,0.02825
252,1,tournament,1,0.00020855057351407716,0.0
253,1,posed,1,0.00020855057351407716,0.0
255,1,eventually,16,0.0033368091762252345,0.0
256,1,forgive,1,0.00020855057351407716,0.51042
257,1,laughing,10,0.0020855057351407717,-0.13427
258,1,addition,4,0.0008342022940563086,0.0
259,1,younger,8,0.0016684045881126173,-0.28345
260,1,swimming,4,0.0008342022940563086,0.5612
261,1,swimming,4,0.0008342022940563086,0.0
262,1,set,3,0.0006256517205422315,0.09267
263,1,set,3,0.0006256517205422315,0.10909
264,1,set,3,0.0006256517205422315,0.10400000000000001
266,1,fucking,13,0.002711157455683003,0.0417
267,1,fucking,13,0.002711157455683003,0.0
268,1,fucking,13,0.002711157455683003,-0.00793
269,1,whore,1,0.00020855057351407716,-0.5624100000000001
270,1,whore,1,0.00020855057351407716,-0.57689
271,1,label,1,0.00020855057351407716,0.0
272,1,label,1,0.00020855057351407716,-0.03798
273,1,recent,5,0.0010427528675703858,0.0
274,1,recent,5,0.0010427528675703858,0.08148999999999999
275,1,sick,8,0.0016684045881126173,-0.68277
276,1,sick,8,0.0016684045881126173,0.0
277,1,sick,8,0.0016684045881126173,0.0
278,1,distorted,1,0.00020855057351407716,-0.27991
279,1,incapacitated,3,0.0006256517205422315,-0.34088
280,1,elementary,3,0.0006256517205422315,0.27349
281,1,demeaning,2,0.0004171011470281543,-0.5845899999999999
282,1,invitation,3,0.0006256517205422315,0.46262
283,1,maul,1,0.00020855057351407716,0.0
284,1,maul,1,0.00020855057351407716,-0.16777
285,1,weary,1,0.00020855057351407716,-0.43468999999999997
286,1,weary,1,0.00020855057351407716,-0.44278999999999996
289,1,field,2,0.0004171011470281543,0.0
290,1,field,2,0.0004171011470281543,0.19230999999999998
291,1,trip,9,0.0018769551616266945,0.5102399999999999
292,1,trip,9,0.0018769551616266945,0.5429999999999999
293,1,proper,3,0.0006256517205422315,0.19025
294,1,maintenance,1,0.00020855057351407716,0.2382
295,1,contract,3,0.0006256517205422315,0.0487
296,1,contract,3,0.0006256517205422315,-0.01678
297,1,service,6,0.001251303441084463,0.0
298,1,service,6,0.001251303441084463,0.46726
299,1,friendly,11,0.0022940563086548487,0.70614
300,1,friendly,11,0.0022940563086548487,0.73624
301,1,building,2,0.0004171011470281543,0.0
304,1,officer,13,0.002711157455683003,0.0
305,1,officer,13,0.002711157455683003,0.0
306,1,cornered,6,0.001251303441084463,0.0
307,1,closed,14,0.00291970802919708,-0.26602
309,1,escape,18,0.003753910323253389,0.12700999999999998
310,1,escape,18,0.003753910323253389,0.07466
311,1,lucky,11,0.0022940563086548487,0.5354800000000001
312,1,bottom,9,0.0018769551616266945,-0.32083
313,1,bottom,9,0.0018769551616266945,-0.30339
314,1,bottom,9,0.0018769551616266945,0.0
315,1,stranger,16,0.0033368091762252345,-0.20135999999999998
317,1,stole,4,0.0008342022940563086,0.0
320,1,dude,5,0.0010427528675703858,0.0
321,1,hear,19,0.003962460896767466,0.0
322,1,magazine,3,0.0006256517205422315,0.0
323,1,bouncer,2,0.0004171011470281543,0.0
324,1,sticking,3,0.0006256517205422315,0.0
325,1,colombia,1,0.00020855057351407716,0.0
326,1,naked,7,0.00145985401459854,0.33919
328,1,precious,5,0.0010427528675703858,0.49746
329,1,precious,5,0.0010427528675703858,0.46681000000000006
330,1,bread,3,0.0006256517205422315,0.0
331,1,bread,3,0.0006256517205422315,0.0
332,1,shit,3,0.0006256517205422315,-0.27348
333,1,shit,3,0.0006256517205422315,-0.25056
334,1,sitting,12,0.002502606882168926,-0.16777
335,1,sitting,12,0.002502606882168926,0.0
336,1,bus,24,0.005005213764337852,0.07927000000000001
337,1,bus,24,0.005005213764337852,0.0
338,1,route,1,0.00020855057351407716,0.0
339,1,route,1,0.00020855057351407716,0.0
341,1,figured,7,0.00145985401459854,0.0
342,1,normal,1,0.00020855057351407716,0.29928
343,1,normal,1,0.00020855057351407716,0.0
344,1,specific,2,0.0004171011470281543,0.0
345,1,specific,2,0.0004171011470281543,0.0
346,1,remembering,6,0.001251303441084463,0.0
347,1,apartment,12,0.002502606882168926,0.0
349,1,wall,10,0.0020855057351407717,0.04895
350,1,wall,10,0.0020855057351407717,0.0
351,1,yelling,7,0.00145985401459854,-0.34088
352,1,neighbor,11,0.0022940563086548487,0.0
353,1,neighbor,11,0.0022940563086548487,0.0
354,1,swinging,1,0.00020855057351407716,-0.1665
355,1,swinging,1,0.00020855057351407716,0.0
357,1,chased,2,0.0004171011470281543,0.0
365,1,travel,3,0.0006256517205422315,0.0
366,1,travel,3,0.0006256517205422315,0.0
368,1,nod,2,0.0004171011470281543,0.0
369,1,nod,2,0.0004171011470281543,-0.0015300000000000001
370,1,visiting,2,0.0004171011470281543,0.0
371,1,restaurant,5,0.0010427528675703858,0.0
374,1,confusion,1,0.00020855057351407716,-0.46995
375,1,planning,1,0.00020855057351407716,0.0
376,1,violate,2,0.0004171011470281543,-0.56318
379,1,principal,3,0.0006256517205422315,0.08552
380,1,principal,3,0.0006256517205422315,0.0
381,1,randomly,5,0.0010427528675703858,0.17826
382,1,suddenly,8,0.0016684045881126173,0.0
383,1,disgusting,13,0.002711157455683003,-0.66804
385,1,stays,2,0.0004171011470281543,0.0
386,1,uttered,1,0.00020855057351407716,0.0
387,1,skin,7,0.00145985401459854,0.0
388,1,skin,7,0.00145985401459854,0.0
389,1,due,1,0.00020855057351407716,0.03717
390,1,due,1,0.00020855057351407716,-0.06847
391,1,due,1,0.00020855057351407716,0.0
392,1,model,1,0.00020855057351407716,0.30591999999999997
393,1,model,1,0.00020855057351407716,0.34834
394,1,model,1,0.00020855057351407716,0.0
395,1,edison,1,0.00020855057351407716,0.0
396,1,grab,12,0.002502606882168926,0.0
397,1,grab,12,0.002502606882168926,0.06452999999999999
398,1,street,21,0.004379562043795621,0.03702
399,1,land,1,0.00020855057351407716,0.45348999999999995
400,1,land,1,0.00020855057351407716,0.0
401,1,lady,2,0.0004171011470281543,0.45327
402,1,brown,5,0.0010427528675703858,0.0
403,1,brown,5,0.0010427528675703858,0.16908
404,1,brown,5,0.0010427528675703858,0.0
405,1,statement,6,0.001251303441084463,0.049460000000000004
407,1,white,8,0.0016684045881126173,0.33907
408,1,white,8,0.0016684045881126173,0.3485
409,1,white,8,0.0016684045881126173,0.0
410,1,confirmed,3,0.0006256517205422315,-0.05574
412,1,money,17,0.003545359749739312,0.0
413,1,happily,1,0.00020855057351407716,0.055760000000000004
414,1,opposite,4,0.0008342022940563086,-0.0572
415,1,opposite,4,0.0008342022940563086,-0.05186
416,1,opposite,4,0.0008342022940563086,-0.00872
417,1,super,2,0.0004171011470281543,0.49317
418,1,super,2,0.0004171011470281543,0.0
419,1,super,2,0.0004171011470281543,0.54419
420,1,hurting,6,0.001251303441084463,-0.42036
421,1,builder,1,0.00020855057351407716,0.0
422,1,site,13,0.002711157455683003,0.0
423,1,site,13,0.002711157455683003,0.0
424,1,random,4,0.0008342022940563086,0.09429
425,1,startled,2,0.0004171011470281543,-0.10096000000000001
426,1,cool,3,0.0006256517205422315,0.47333000000000003
427,1,cool,3,0.0006256517205422315,0.48663999999999996
428,1,cool,3,0.0006256517205422315,0.0
430,1,burke,1,0.00020855057351407716,0.0
431,1,burke,1,0.00020855057351407716,-0.22494
432,1,occasions,7,0.00145985401459854,0.0
433,1,front,24,0.005005213764337852,0.0
434,1,front,24,0.005005213764337852,0.02026
435,1,front,24,0.005005213764337852,-0.02298
436,1,line,9,0.0018769551616266945,-0.06062000000000001
437,1,line,9,0.0018769551616266945,0.0
438,1,follow,10,0.0020855057351407717,-0.0403
439,1,complicated,2,0.0004171011470281543,-0.29086999999999996
440,1,hairstylist,1,0.00020855057351407716,0.0
441,1,dinner,6,0.001251303441084463,0.0
443,1,anonymous,5,0.0010427528675703858,0.23301
444,1,accuse,1,0.00020855057351407716,-0.6281800000000001
445,1,connect,1,0.00020855057351407716,0.0
447,1,code,1,0.00020855057351407716,0.0
448,1,code,1,0.00020855057351407716,0.0
449,1,size,3,0.0006256517205422315,0.13896
450,1,size,3,0.0006256517205422315,0.15325
451,1,size,3,0.0006256517205422315,0.15379
452,1,target,14,0.00291970802919708,0.0
453,1,target,14,0.00291970802919708,0.0
454,1,worry,1,0.00020855057351407716,-0.75478
455,1,worry,1,0.00020855057351407716,-0.7552
458,1,sociopath,1,0.00020855057351407716,0.0
459,1,wrapped,3,0.0006256517205422315,-0.022000000000000002
460,1,round,6,0.001251303441084463,0.21019000000000002
461,1,round,6,0.001251303441084463,0.25340999999999997
462,1,round,6,0.001251303441084463,0.0
463,1,round,6,0.001251303441084463,0.22738000000000003
464,1,finger,3,0.0006256517205422315,0.0
465,1,finger,3,0.0006256517205422315,0.0
466,1,complete,3,0.0006256517205422315,0.3452
467,1,complete,3,0.0006256517205422315,0.41708999999999996
469,1,desperately,2,0.0004171011470281543,-0.05107
473,1,sentence,7,0.00145985401459854,0.0
474,1,sentence,7,0.00145985401459854,0.0
475,1,fully,7,0.00145985401459854,0.15197
477,1,mack,1,0.00020855057351407716,0.0
478,1,laugh,5,0.0010427528675703858,0.65774
479,1,laugh,5,0.0010427528675703858,0.0
480,1,pool,4,0.0008342022940563086,0.43946
481,1,pool,4,0.0008342022940563086,0.0
482,1,upside,2,0.0004171011470281543,0.0
483,1,lick,4,0.0008342022940563086,0.0
484,1,lick,4,0.0008342022940563086,0.39876
485,1,tongue,8,0.0016684045881126173,0.35603
486,1,tongue,8,0.0016684045881126173,0.0
488,1,spank,2,0.0004171011470281543,0.0
489,1,spank,2,0.0004171011470281543,0.0
491,1,throat,8,0.0016684045881126173,0.0
493,1,favorite,9,0.0018769551616266945,0.5615100000000001
494,1,favorite,9,0.0018769551616266945,0.63003
495,1,pretending,5,0.0010427528675703858,-0.07997
496,1,broad,3,0.0006256517205422315,0.0151
497,1,broad,3,0.0006256517205422315,0.0
498,1,daylight,3,0.0006256517205422315,0.0
499,1,beach,2,0.0004171011470281543,0.0
500,1,beach,2,0.0004171011470281543,0.0
503,1,conventional,1,0.00020855057351407716,0.08094
506,1,insistent,2,0.0004171011470281543,-0.035160000000000004
507,1,dallas,2,0.0004171011470281543,0.0
508,1,typical,5,0.0010427528675703858,-0.07484
509,1,wpm,1,0.00020855057351407716,0.0
511,1,biloxi,1,0.00020855057351407716,0.0
512,1,tea,2,0.0004171011470281543,0.0
513,1,ground,6,0.001251303441084463,0.0
514,1,ground,6,0.001251303441084463,0.0
516,1,knee,12,0.002502606882168926,0.0
517,1,red,5,0.0010427528675703858,0.18444000000000002
518,1,red,5,0.0010427528675703858,0.20360999999999999
520,1,professor,1,0.00020855057351407716,0.0
521,1,bank,3,0.0006256517205422315,0.0
522,1,bank,3,0.0006256517205422315,0.27781
523,1,shop,6,0.001251303441084463,0.0
524,1,shop,6,0.001251303441084463,0.20914000000000002
525,1,direction,2,0.0004171011470281543,0.10632
526,1,wreck,2,0.0004171011470281543,-0.87203
527,1,wreck,2,0.0004171011470281543,-0.8462
528,1,chronicle,1,0.00020855057351407716,0.0
529,1,chronicle,1,0.00020855057351407716,0.0
530,1,adulthood,2,0.0004171011470281543,0.0
531,1,rubbing,9,0.0018769551616266945,0.0
535,1,run,23,0.004796663190823775,0.0
536,1,run,23,0.004796663190823775,0.39603
540,1,pair,1,0.00020855057351407716,0.22196999999999997
541,1,pair,1,0.00020855057351407716,0.0
542,1,scissors,1,0.00020855057351407716,0.0
543,1,taste,5,0.0010427528675703858,0.38500999999999996
544,1,taste,5,0.0010427528675703858,0.45588999999999996
545,1,sexy,3,0.0006256517205422315,0.6331399999999999
546,1,serving,3,0.0006256517205422315,0.0
548,1,rolled,1,0.00020855057351407716,0.12657000000000002
549,1,vomit,2,0.0004171011470281543,-0.78564
550,1,vomit,2,0.0004171011470281543,0.0
551,1,grocery,5,0.0010427528675703858,0.0
552,1,store,23,0.004796663190823775,0.0
553,1,store,23,0.004796663190823775,0.0
554,1,smirk,1,0.00020855057351407716,0.11287
555,1,smirk,1,0.00020855057351407716,0.041339999999999995
558,1,grade,10,0.0020855057351407717,0.03673
559,1,grade,10,0.0020855057351407717,0.06467
560,1,weekend,11,0.0022940563086548487,0.0
561,1,weekend,11,0.0022940563086548487,0.0
564,1,pushing,2,0.0004171011470281543,0.0
565,1,grinding,1,0.00020855057351407716,0.0056
566,1,wedding,2,0.0004171011470281543,0.0
567,1,pulling,5,0.0010427528675703858,0.0
568,1,nerve,2,0.0004171011470281543,-0.16488
569,1,nerve,2,0.0004171011470281543,-0.12847
570,1,position,4,0.0008342022940563086,0.13167
571,1,position,4,0.0008342022940563086,0.0
572,1,paper,3,0.0006256517205422315,0.0
573,1,paper,3,0.0006256517205422315,0.0
574,1,visitor,1,0.00020855057351407716,0.0
576,1,impression,4,0.0008342022940563086,0.22791
577,1,walking,25,0.005213764337851929,0.21734
578,1,walking,25,0.005213764337851929,0.0
580,1,teenage,5,0.0010427528675703858,0.2298
581,1,seat,10,0.0020855057351407717,0.0
582,1,seat,10,0.0020855057351407717,0.0
583,1,worker,4,0.0008342022940563086,0.0
584,1,camera,1,0.00020855057351407716,0.0
585,1,zoo,1,0.00020855057351407716,0.0
586,1,accident,6,0.001251303441084463,-0.60055
588,1,excited,6,0.001251303441084463,0.7703800000000001
589,1,pipe,2,0.0004171011470281543,0.0
590,1,pipe,2,0.0004171011470281543,-0.05856
591,1,solution,2,0.0004171011470281543,0.27155
592,1,tame,1,0.00020855057351407716,0.25040999999999997
593,1,tame,1,0.00020855057351407716,0.24983000000000002
594,1,sneak,2,0.0004171011470281543,-0.11834000000000001
595,1,sneak,2,0.0004171011470281543,-0.17956
596,1,sneak,2,0.0004171011470281543,-0.1671
598,1,shut,12,0.002502606882168926,-0.1771
599,1,shut,12,0.002502606882168926,0.0
600,1,vice,1,0.00020855057351407716,-0.33624
601,1,neck,3,0.0006256517205422315,0.0
602,1,neck,3,0.0006256517205422315,0.07332999999999999
604,1,admit,8,0.0016684045881126173,0.15154
606,1,feedback,1,0.00020855057351407716,0.0
610,1,train,5,0.0010427528675703858,0.0
611,1,train,5,0.0010427528675703858,0.3617
612,1,condone,1,0.00020855057351407716,0.0
615,1,laws,4,0.0008342022940563086,0.0
616,1,grope,3,0.0006256517205422315,0.0
617,1,grope,3,0.0006256517205422315,-0.30594
619,1,connected,5,0.0010427528675703858,0.0
620,1,facilitate,1,0.00020855057351407716,-0.05058
622,1,calm,5,0.0010427528675703858,0.49928
623,1,calm,5,0.0010427528675703858,0.52123
624,1,calm,5,0.0010427528675703858,0.50011
629,1,tale,2,0.0004171011470281543,0.26659
631,1,liberal,2,0.0004171011470281543,0.37517
632,1,liberal,2,0.0004171011470281543,0.0
633,1,paramedic,1,0.00020855057351407716,0.0
634,1,mummy,1,0.00020855057351407716,-0.09091
635,1,produce,1,0.00020855057351407716,0.0
636,1,produce,1,0.00020855057351407716,0.0
637,1,twelve,3,0.0006256517205422315,0.0
638,1,twelve,3,0.0006256517205422315,0.0
639,1,packed,2,0.0004171011470281543,-0.0296
640,1,funeral,3,0.0006256517205422315,0.0
641,1,joking,3,0.0006256517205422315,0.44363
642,1,valley,2,0.0004171011470281543,0.0
643,1,stream,1,0.00020855057351407716,0.0
644,1,stream,1,0.00020855057351407716,0.42258
645,1,pizza,2,0.0004171011470281543,0.0
646,1,tuesday,2,0.0004171011470281543,0.0
647,1,afternoon,4,0.0008342022940563086,0.0
648,1,load,1,0.00020855057351407716,-0.16554000000000002
649,1,load,1,0.00020855057351407716,-0.13802999999999999
650,1,alley,1,0.00020855057351407716,0.0
651,1,aunt,2,0.0004171011470281543,0.0
652,1,dotty,2,0.0004171011470281543,0.028730000000000002
655,1,loser,2,0.0004171011470281543,-0.56382
656,1,fearful,4,0.0008342022940563086,-0.56808
659,1,strawberry,1,0.00020855057351407716,0.0
660,1,disgusted,3,0.0006256517205422315,-0.57487
662,1,recollection,2,0.0004171011470281543,0.07443
663,1,blissfully,1,0.00020855057351407716,0.15793
664,1,inevitable,1,0.00020855057351407716,-0.22123
665,1,inevitable,1,0.00020855057351407716,-0.2398
669,1,center,8,0.0016684045881126173,0.0
670,1,center,8,0.0016684045881126173,0.11556
671,1,center,8,0.0016684045881126173,0.11479
673,1,forty,4,0.0008342022940563086,0.0
674,1,forty,4,0.0008342022940563086,0.0
675,1,shortcut,2,0.0004171011470281543,0.24006
676,1,intuition,2,0.0004171011470281543,0.40738
678,1,closer,5,0.0010427528675703858,0.0
679,1,closer,5,0.0010427528675703858,0.0
680,1,tandem,1,0.00020855057351407716,0.0
681,1,tandem,1,0.00020855057351407716,0.0
682,1,falling,4,0.0008342022940563086,-0.0964
683,1,prey,5,0.0010427528675703858,0.0
684,1,prey,5,0.0010427528675703858,-0.34949
685,1,faster,3,0.0006256517205422315,0.0
686,1,polite,4,0.0008342022940563086,0.40310999999999997
687,1,delay,1,0.00020855057351407716,0.0
688,1,delay,1,0.00020855057351407716,-0.38825
689,1,plight,1,0.00020855057351407716,-0.23373000000000002
690,1,plight,1,0.00020855057351407716,0.0
691,1,wellness,1,0.00020855057351407716,0.6933600000000001
693,1,nape,1,0.00020855057351407716,0.0
694,1,negotiate,1,0.00020855057351407716,0.18757000000000001
696,1,limelight,1,0.00020855057351407716,0.0
697,1,ditch,3,0.0006256517205422315,0.0
698,1,ditch,3,0.0006256517205422315,-0.46992
701,1,led,4,0.0008342022940563086,0.0
702,1,demise,1,0.00020855057351407716,-0.47455
703,1,demise,1,0.00020855057351407716,-0.50444
704,1,bewildered,3,0.0006256517205422315,-0.13595
705,1,shimmer,1,0.00020855057351407716,0.52068
706,1,shimmer,1,0.00020855057351407716,0.0
707,1,cruiser,2,0.0004171011470281543,0.0
709,1,glow,1,0.00020855057351407716,0.37475
710,1,glow,1,0.00020855057351407716,0.40268000000000004
712,1,agape,1,0.00020855057351407716,-0.07997
713,1,agape,1,0.00020855057351407716,0.275
714,1,grasp,2,0.0004171011470281543,0.11815
715,1,grasp,2,0.0004171011470281543,0.06851
716,1,yellow,2,0.0004171011470281543,0.22815
717,1,yellow,2,0.0004171011470281543,0.26233
718,1,yellow,2,0.0004171011470281543,0.0
719,1,tape,4,0.0008342022940563086,0.0
720,1,tape,4,0.0008342022940563086,0.0
721,1,lifeless,1,0.00020855057351407716,-0.67781
722,1,jean,1,0.00020855057351407716,0.0
723,1,hindering,1,0.00020855057351407716,0.0
724,1,straightjacket,1,0.00020855057351407716,0.0
726,1,slip,1,0.00020855057351407716,-0.21925999999999998
727,1,slip,1,0.00020855057351407716,-0.20456
728,1,silk,1,0.00020855057351407716,0.0
729,1,jumper,1,0.00020855057351407716,-0.11752
731,1,flesh,2,0.0004171011470281543,0.0
732,1,flesh,2,0.0004171011470281543,0.0
736,1,cage,1,0.00020855057351407716,0.0
737,1,cage,1,0.00020855057351407716,0.0
738,1,blade,1,0.00020855057351407716,-0.22424000000000002
739,1,palm,1,0.00020855057351407716,0.0
740,1,palm,1,0.00020855057351407716,0.0
742,1,greet,1,0.00020855057351407716,0.34319
744,1,core,3,0.0006256517205422315,0.29211
745,1,core,3,0.0006256517205422315,0.0
746,1,gaze,1,0.00020855057351407716,0.0
747,1,gaze,1,0.00020855057351407716,0.33155999999999997
748,1,bullshit,2,0.0004171011470281543,-0.6355
749,1,bullshit,2,0.0004171011470281543,-0.6138899999999999
750,1,beast,1,0.00020855057351407716,-0.14289000000000002
751,1,barefoot,1,0.00020855057351407716,0.0
752,1,barefoot,1,0.00020855057351407716,0.0
755,1,composure,2,0.0004171011470281543,0.17826
757,1,lock,8,0.0016684045881126173,-0.15033
758,1,lock,8,0.0016684045881126173,-0.11209000000000001
759,1,sanctuary,1,0.00020855057351407716,0.51454
760,1,newspaper,1,0.00020855057351407716,0.0
761,1,clipping,1,0.00020855057351407716,-0.0028399999999999996
762,1,headline,1,0.00020855057351407716,0.0
763,1,headline,1,0.00020855057351407716,-0.00013000000000000002
766,1,lair,1,0.00020855057351407716,0.00103
768,1,spend,2,0.0004171011470281543,0.24666
772,1,museum,2,0.0004171011470281543,0.0
773,1,classmate,5,0.0010427528675703858,0.0
774,1,hiding,9,0.0018769551616266945,0.0
775,1,ride,11,0.0022940563086548487,0.31966999999999995
776,1,ride,11,0.0022940563086548487,0.31043000000000004
777,1,domestically,1,0.00020855057351407716,0.0
778,1,shelter,3,0.0006256517205422315,0.38500999999999996
779,1,shelter,3,0.0006256517205422315,0.0
780,1,locker,1,0.00020855057351407716,0.0
781,1,arrest,2,0.0004171011470281543,0.0
782,1,arrest,2,0.0004171011470281543,-0.6434300000000001
783,1,screen,2,0.0004171011470281543,0.0
784,1,screen,2,0.0004171011470281543,0.0868
786,1,cuddle,2,0.0004171011470281543,0.62257
787,1,cuddle,2,0.0004171011470281543,0.65173
788,1,insistently,1,0.00020855057351407716,0.12208
789,1,cordial,1,0.00020855057351407716,0.30545
790,1,cordial,1,0.00020855057351407716,0.29035
791,1,privates,2,0.0004171011470281543,0.0
793,1,shocking,1,0.00020855057351407716,-0.13312000000000002
799,1,embarrassing,1,0.00020855057351407716,-0.39218000000000003
800,1,steady,1,0.00020855057351407716,0.41986999999999997
801,1,steady,1,0.00020855057351407716,0.0
802,1,steady,1,0.00020855057351407716,0.38649
803,1,steady,1,0.00020855057351407716,0.0
804,1,occasionally,3,0.0006256517205422315,0.0
807,1,reliant,1,0.00020855057351407716,0.0
809,1,shattered,1,0.00020855057351407716,-0.34088
810,1,intentionally,1,0.00020855057351407716,0.17826
813,1,nerves,1,0.00020855057351407716,0.00298
815,1,switch,1,0.00020855057351407716,0.0
816,1,switch,1,0.00020855057351407716,0.0
817,1,hazy,1,0.00020855057351407716,-0.35233000000000003
819,1,parole,1,0.00020855057351407716,0.0
820,1,parole,1,0.00020855057351407716,0.0
821,1,ring,2,0.0004171011470281543,0.5769
822,1,ring,2,0.0004171011470281543,0.0
823,1,insane,1,0.00020855057351407716,-0.6654399999999999
826,1,twenties,4,0.0008342022940563086,0.0
827,1,cigarette,1,0.00020855057351407716,0.0
828,1,trail,2,0.0004171011470281543,0.0
829,1,trail,2,0.0004171011470281543,0.0
831,1,creative,2,0.0004171011470281543,0.47866000000000003
832,1,river,5,0.0010427528675703858,0.0
836,1,function,1,0.00020855057351407716,0.0
837,1,function,1,0.00020855057351407716,0.0
838,1,scene,1,0.00020855057351407716,0.25067
839,1,answer,13,0.002711157455683003,0.0
840,1,answer,13,0.002711157455683003,0.31238
846,1,sudden,4,0.0008342022940563086,-0.34088
849,1,gothenburg,1,0.00020855057351407716,0.0
852,1,prostitute,1,0.00020855057351407716,-0.39943
853,1,prostitute,1,0.00020855057351407716,0.0
854,1,slightly,1,0.00020855057351407716,0.15754
855,1,larger,2,0.0004171011470281543,0.12208
857,1,shrine,1,0.00020855057351407716,0.0
858,1,shrine,1,0.00020855057351407716,0.0
859,1,grandpa,1,0.00020855057351407716,0.0
860,1,organization,1,0.00020855057351407716,0.12277
862,1,honestly,2,0.0004171011470281543,0.17826
863,1,properly,2,0.0004171011470281543,0.15955999999999998
865,1,dosed,2,0.0004171011470281543,0.12208
866,1,meth,4,0.0008342022940563086,0.0
867,1,dissolving,1,0.00020855057351407716,0.0
870,1,smoking,1,0.00020855057351407716,0.12208
871,1,smoking,1,0.00020855057351407716,0.0
872,1,setup,1,0.00020855057351407716,-0.1912
873,1,charger,1,0.00020855057351407716,0.08105
876,1,inter,1,0.00020855057351407716,0.0
878,1,nude,1,0.00020855057351407716,0.22823000000000002
879,1,nude,1,0.00020855057351407716,0.0
880,1,destruction,1,0.00020855057351407716,0.0
882,1,insanity,2,0.0004171011470281543,-0.55809
884,1,slide,1,0.00020855057351407716,0.0
885,1,slide,1,0.00020855057351407716,0.0
888,1,stick,2,0.0004171011470281543,0.0182
889,1,stick,2,0.0004171011470281543,0.10289000000000001
890,1,fool,1,0.00020855057351407716,-0.3997
891,1,fool,1,0.00020855057351407716,-0.36059
895,1,florida,3,0.0006256517205422315,0.0
897,1,peek,1,0.00020855057351407716,0.13011
898,1,peek,1,0.00020855057351407716,0.0
899,1,sophomore,3,0.0006256517205422315,0.0
900,1,sophomore,3,0.0006256517205422315,0.0
901,1,security,9,0.0018769551616266945,0.35616
904,1,clouded,1,0.00020855057351407716,-0.14304
908,1,van,5,0.0010427528675703858,0.0
911,1,hoarse,1,0.00020855057351407716,-0.28063
912,1,parked,3,0.0006256517205422315,0.0
913,1,epstein,1,0.00020855057351407716,0.0
915,1,timing,1,0.00020855057351407716,0.0
920,1,memoir,1,0.00020855057351407716,0.0
922,1,sterile,1,0.00020855057351407716,-0.061029999999999994
928,1,mile,1,0.00020855057351407716,0.0
929,1,financial,1,0.00020855057351407716,-0.00025
930,1,district,3,0.0006256517205422315,-0.05011
931,1,district,3,0.0006256517205422315,-0.04294
933,1,error,1,0.00020855057351407716,-0.41938000000000003
934,1,disturbed,2,0.0004171011470281543,-0.3427
935,1,shape,4,0.0008342022940563086,0.07979
936,1,shape,4,0.0008342022940563086,0.0
940,1,jerking,1,0.00020855057351407716,-0.42036
941,1,jerking,1,0.00020855057351407716,-0.19821
942,1,guest,3,0.0006256517205422315,0.0
944,1,coat,2,0.0004171011470281543,0.0
945,1,coat,2,0.0004171011470281543,0.0
946,1,razor,1,0.00020855057351407716,0.0
947,1,razor,1,0.00020855057351407716,0.0
951,1,psyche,1,0.00020855057351407716,0.0015400000000000001
952,1,cook,1,0.00020855057351407716,0.0
953,1,cook,1,0.00020855057351407716,0.56717
955,1,construction,2,0.0004171011470281543,0.0
956,1,tear,3,0.0006256517205422315,-0.45493999999999996
957,1,tear,3,0.0006256517205422315,0.0
958,1,nose,2,0.0004171011470281543,0.09158999999999999
959,1,nose,2,0.0004171011470281543,0.11057
960,1,enduring,1,0.00020855057351407716,0.45375
961,1,disabled,1,0.00020855057351407716,-0.5494899999999999
962,1,disabled,1,0.00020855057351407716,-0.52298
964,1,trace,1,0.00020855057351407716,-0.02543
965,1,trace,1,0.00020855057351407716,-0.06554
966,1,shot,2,0.0004171011470281543,0.0
967,1,shot,2,0.0004171011470281543,-0.54748
969,1,mid,5,0.0010427528675703858,0.0
970,1,unemployment,1,0.00020855057351407716,-0.62271
971,1,dismissed,1,0.00020855057351407716,0.0
972,1,disgust,3,0.0006256517205422315,-0.38226
973,1,disgust,3,0.0006256517205422315,-0.4503
975,1,shadow,3,0.0006256517205422315,0.04224
976,1,shadow,3,0.0006256517205422315,-0.02298
978,1,monstrous,1,0.00020855057351407716,-0.35973
980,1,troy,1,0.00020855057351407716,-0.0296
982,1,halloween,1,0.00020855057351407716,0.0
985,1,range,2,0.0004171011470281543,-0.0023899999999999998
986,1,range,2,0.0004171011470281543,0.0177
987,1,stubborn,1,0.00020855057351407716,-0.33323
988,1,formally,2,0.0004171011470281543,0.0
989,1,situated,1,0.00020855057351407716,0.0
991,1,obnoxious,1,0.00020855057351407716,-0.56923
992,1,destination,1,0.00020855057351407716,0.0
993,1,hurry,1,0.00020855057351407716,-0.13432
994,1,hurry,1,0.00020855057351407716,-0.12953
995,1,apologize,2,0.0004171011470281543,0.02453
998,1,jerk,2,0.0004171011470281543,-0.63756
999,1,jerk,2,0.0004171011470281543,-0.64832
1001,1,oversized,3,0.0006256517205422315,-0.15408
1002,1,pile,2,0.0004171011470281543,0.0
1003,1,pile,2,0.0004171011470281543,0.0
1004,1,aggressively,1,0.00020855057351407716,0.21734
1005,1,behave,2,0.0004171011470281543,0.34252
1006,1,no-show,1,0.00020855057351407716,0.0
1007,1,shoot,2,0.0004171011470281543,-0.39375
1008,1,shoot,2,0.0004171011470281543,-0.33177
1011,1,onetime,1,0.00020855057351407716,0.0
1012,1,protector,1,0.00020855057351407716,0.0
1013,1,confiding,1,0.00020855057351407716,0.28394
1016,1,teasing,1,0.00020855057351407716,-0.35183000000000003
1017,1,teasing,1,0.00020855057351407716,-0.1039
1018,1,directly,2,0.0004171011470281543,-0.12825
1019,1,motivated,1,0.00020855057351407716,0.0
1021,1,santa,1,0.00020855057351407716,0.15793
1022,1,boardwalk,1,0.00020855057351407716,0.0
1023,1,graceful,1,0.00020855057351407716,0.48936999999999997
1024,1,studious,1,0.00020855057351407716,0.09369
1025,1,logically,1,0.00020855057351407716,0.1067
1029,1,highschool,2,0.0004171011470281543,0.0
1030,1,pick-me-up,1,0.00020855057351407716,0.12208
1033,1,spiral,1,0.00020855057351407716,0.0
1034,1,spiral,1,0.00020855057351407716,0.0
1035,1,spiral,1,0.00020855057351407716,0.0
1038,1,intervene,1,0.00020855057351407716,0.0
1039,1,transport,3,0.0006256517205422315,0.22943000000000002
1040,1,transport,3,0.0006256517205422315,0.22458000000000003
1041,1,register,3,0.0006256517205422315,0.0
1042,1,register,3,0.0006256517205422315,0.10246
1045,1,persistence,1,0.00020855057351407716,0.30724
1047,1,boat,1,0.00020855057351407716,0.0
1048,1,boat,1,0.00020855057351407716,0.0
1052,1,removal,2,0.0004171011470281543,0.0
1054,1,restroom,2,0.0004171011470281543,0.0
1056,1,shook,2,0.0004171011470281543,0.0
1061,1,obstacle,1,0.00020855057351407716,0.0
1063,1,raspberry,1,0.00020855057351407716,0.5542
1064,1,baking,1,0.00020855057351407716,0.0
1065,1,baking,1,0.00020855057351407716,0.0
1067,1,glance,1,0.00020855057351407716,0.0
1068,1,glance,1,0.00020855057351407716,0.0
1069,1,sunset,1,0.00020855057351407716,0.6595
1070,1,sunset,1,0.00020855057351407716,0.0
1071,1,gleaming,1,0.00020855057351407716,0.29877
1072,1,gleaming,1,0.00020855057351407716,0.0
1074,1,pink,6,0.001251303441084463,0.0
1075,1,pink,6,0.001251303441084463,0.38395
1076,1,pink,6,0.001251303441084463,0.0
1080,1,frilly,1,0.00020855057351407716,-0.07997
1084,1,fat,2,0.0004171011470281543,-0.56726
1085,1,fat,2,0.0004171011470281543,0.0
1086,1,fat,2,0.0004171011470281543,0.0
1087,1,iceberg,1,0.00020855057351407716,0.0
1088,1,hoover,2,0.0004171011470281543,0.13086
1089,1,hoover,2,0.0004171011470281543,-0.07997
1090,1,tonight,2,0.0004171011470281543,0.0
1091,1,tonight,2,0.0004171011470281543,0.0
1095,1,tampering,1,0.00020855057351407716,0.0
1098,1,notice,2,0.0004171011470281543,0.2446
1099,1,notice,2,0.0004171011470281543,0.0
1100,1,irritation,1,0.00020855057351407716,-0.43993000000000004
1101,1,marine,1,0.00020855057351407716,0.0
1102,1,marine,1,0.00020855057351407716,0.2462
1103,1,abroad,2,0.0004171011470281543,0.0
1104,1,abroad,2,0.0004171011470281543,0.0
1105,1,foreign,2,0.0004171011470281543,-0.032119999999999996
1107,1,stare,4,0.0008342022940563086,0.0
1108,1,stare,4,0.0008342022940563086,-0.17415
1111,1,mistaken,1,0.00020855057351407716,-0.26536
1113,1,thoughtless,1,0.00020855057351407716,-0.19941
1114,1,mask,1,0.00020855057351407716,-0.044160000000000005
1115,1,mask,1,0.00020855057351407716,-0.05627000000000001
1118,1,pavement,2,0.0004171011470281543,0.0
1119,1,supermarket,2,0.0004171011470281543,0.0
1121,1,invisible,1,0.00020855057351407716,0.00107
1122,1,surrounding,2,0.0004171011470281543,0.0
1124,1,obsolete,1,0.00020855057351407716,-0.38575
1127,1,spare,2,0.0004171011470281543,0.09522
1128,1,spare,2,0.0004171011470281543,0.0
1129,1,spare,2,0.0004171011470281543,0.1069
1130,1,reproval,1,0.00020855057351407716,-0.07997
1131,1,accidental,1,0.00020855057351407716,-0.38663000000000003
1132,1,accidental,1,0.00020855057351407716,-0.42951000000000006
1137,1,retracted,2,0.0004171011470281543,0.0
1138,1,graduate,1,0.00020855057351407716,0.0
1139,1,graduate,1,0.00020855057351407716,0.0
1140,1,graduate,1,0.00020855057351407716,0.55198
1143,1,dragging,6,0.001251303441084463,-0.25931
1144,1,ticking,1,0.00020855057351407716,0.0
1145,1,france,1,0.00020855057351407716,0.0
1146,1,reproduce,1,0.00020855057351407716,0.0
1147,1,bulimic,2,0.0004171011470281543,-0.5124
1148,1,bulimic,2,0.0004171011470281543,-0.51753
1151,1,withdrawal,1,0.00020855057351407716,-0.18
1153,1,chat,1,0.00020855057351407716,0.23984
1154,1,chat,1,0.00020855057351407716,0.23159000000000002
1156,1,assumed,2,0.0004171011470281543,0.0
1160,1,spending,1,0.00020855057351407716,0.0
1162,1,pimp,1,0.00020855057351407716,0.0
1163,1,pimp,1,0.00020855057351407716,-0.47978000000000004
1164,1,greyhound,1,0.00020855057351407716,0.0
1166,1,hondo,1,0.00020855057351407716,0.0
1168,1,leering,1,0.00020855057351407716,0.24297
1169,1,grin,1,0.00020855057351407716,0.70472
1170,1,grin,1,0.00020855057351407716,0.0
1173,1,obsessive,1,0.00020855057351407716,-0.3809
1174,1,obsessive,1,0.00020855057351407716,0.0
1178,1,sweat,1,0.00020855057351407716,-0.18126
1179,1,sweat,1,0.00020855057351407716,0.0
1183,1,remote,1,0.00020855057351407716,0.08161
1184,1,remote,1,0.00020855057351407716,0.0
1185,1,stagnant,1,0.00020855057351407716,-0.45252
1188,1,heaven,2,0.0004171011470281543,0.6602100000000001
1189,1,consuming,1,0.00020855057351407716,-0.08901
1190,1,forked,1,0.00020855057351407716,-0.12619
1198,1,livid,1,0.00020855057351407716,-0.39598
1199,1,sweetheart,2,0.0004171011470281543,0.76659
1200,1,sweetheart,2,0.0004171011470281543,0.7471
1202,1,bench,1,0.00020855057351407716,0.12399
1203,1,bench,1,0.00020855057351407716,0.0
1204,1,surveillance,1,0.00020855057351407716,0.0
1208,1,unacceptable,1,0.00020855057351407716,-0.43163999999999997
1209,1,trespassing,1,0.00020855057351407716,-0.34088
1212,1,stature,1,0.00020855057351407716,0.12797
1215,1,reduce,1,0.00020855057351407716,0.03611
1216,1,retire,1,0.00020855057351407716,0.3796
1217,1,utah,4,0.0008342022940563086,0.0
1219,1,selective,1,0.00020855057351407716,0.03777
1222,1,pentecostal,1,0.00020855057351407716,0.0
1223,1,pentecostal,1,0.00020855057351407716,0.0
1224,1,outlet,1,0.00020855057351407716,0.15188
1227,1,willingly,1,0.00020855057351407716,0.15793
1231,1,circle,2,0.0004171011470281543,0.0
1232,1,circle,2,0.0004171011470281543,0.0
1234,1,educated,2,0.0004171011470281543,0.18486
1242,1,quote,2,0.0004171011470281543,0.0
1243,1,quote,2,0.0004171011470281543,0.0
1244,1,bicycle,1,0.00020855057351407716,0.0
1245,1,bicycle,1,0.00020855057351407716,0.0
1247,1,babysitting,2,0.0004171011470281543,0.0
1250,1,fever,1,0.00020855057351407716,-0.5283899999999999
1254,1,slim,2,0.0004171011470281543,0.42983000000000005
1255,1,slim,2,0.0004171011470281543,0.0
1260,1,bald,1,0.00020855057351407716,-0.50369
1261,1,bald,1,0.00020855057351407716,0.0
1262,1,lebanon,1,0.00020855057351407716,0.0
1263,1,bargaining,1,0.00020855057351407716,0.0
1265,1,thursday,1,0.00020855057351407716,0.0
1266,1,sorted,1,0.00020855057351407716,0.0
1267,1,siren,1,0.00020855057351407716,0.0
1270,1,pissed,2,0.0004171011470281543,-0.22494
1273,1,required,1,0.00020855057351407716,0.16965999999999998
1274,1,fewer,1,0.00020855057351407716,0.0
1278,1,capacity,1,0.00020855057351407716,0.04333
1279,1,passive,1,0.00020855057351407716,-0.09825
1280,1,passive,1,0.00020855057351407716,0.0
1281,1,licking,2,0.0004171011470281543,-0.18141
1283,1,goodbye,1,0.00020855057351407716,0.0
1285,1,naturally,1,0.00020855057351407716,0.03537
1286,1,flattering,1,0.00020855057351407716,0.5059
1289,1,fridge,2,0.0004171011470281543,0.0
1290,1,kindergarten,2,0.0004171011470281543,0.0
1295,1,obedient,1,0.00020855057351407716,0.23558
1297,1,salsa,1,0.00020855057351407716,0.0
1300,1,selfish,2,0.0004171011470281543,-0.45258000000000004
1305,1,elderly,1,0.00020855057351407716,-0.08647
1306,1,elderly,1,0.00020855057351407716,0.0
1307,1,derogatory,1,0.00020855057351407716,-0.57238
1308,1,barley,1,0.00020855057351407716,0.0
1310,1,bestseller,1,0.00020855057351407716,0.0
1314,1,chase,2,0.0004171011470281543,0.0
1315,1,chase,2,0.0004171011470281543,-0.26745
1317,1,boycott,1,0.00020855057351407716,0.0
1318,1,boycott,1,0.00020855057351407716,0.0
1321,1,delivery,1,0.00020855057351407716,0.22941
1322,1,magnificent,1,0.00020855057351407716,0.49791
1323,1,alleged,1,0.00020855057351407716,-0.34135
1326,1,hart,1,0.00020855057351407716,0.0
1334,1,opt,1,0.00020855057351407716,0.0
1335,1,intoxicated,1,0.00020855057351407716,0.0
1337,1,menstrual,1,0.00020855057351407716,0.0
1339,1,lonely,4,0.0008342022940563086,-0.59512
1341,1,lasciviously,1,0.00020855057351407716,0.17826
1342,1,uncharacteristically,1,0.00020855057351407716,0.15793
1343,1,maneuver,1,0.00020855057351407716,-0.09593
1344,1,maneuver,1,0.00020855057351407716,0.0
1345,1,freeing,1,0.00020855057351407716,0.0
1346,1,agonized,1,0.00020855057351407716,-0.42036
1352,1,gregarious,1,0.00020855057351407716,-0.01545
1354,1,remotely,1,0.00020855057351407716,0.10554000000000001
1357,1,needle,1,0.00020855057351407716,0.0
1358,1,needle,1,0.00020855057351407716,-0.22882
1360,1,salon,1,0.00020855057351407716,0.0
1362,1,quarter,1,0.00020855057351407716,0.1794
1363,1,quarter,1,0.00020855057351407716,0.0
1364,1,nonstop,1,0.00020855057351407716,0.0
1365,1,nonstop,1,0.00020855057351407716,0.0
1366,1,nonstop,1,0.00020855057351407716,0.0
1370,1,reporter,2,0.0004171011470281543,0.0
1373,1,arse,1,0.00020855057351407716,-0.02298
1375,1,deserted,1,0.00020855057351407716,-0.28345
1376,1,diffuse,1,0.00020855057351407716,0.021269999999999997
1377,1,diffuse,1,0.00020855057351407716,0.0
1378,1,kebab,1,0.00020855057351407716,0.0
1379,1,muslim,3,0.0006256517205422315,0.0
1380,1,muslim,3,0.0006256517205422315,0.0
1382,1,apropos,1,0.00020855057351407716,0.15199000000000001
1383,1,apropos,1,0.00020855057351407716,0.0
1385,1,leaf,1,0.00020855057351407716,0.0
1386,1,leaf,1,0.00020855057351407716,0.0
1387,1,kerb,1,0.00020855057351407716,0.0
1391,1,medan,1,0.00020855057351407716,0.0
1393,1,crash,1,0.00020855057351407716,0.0
1394,1,crash,1,0.00020855057351407716,-0.52389
1395,1,identified,1,0.00020855057351407716,0.0
1396,1,nearness,1,0.00020855057351407716,0.0
1397,1,sorrow,1,0.00020855057351407716,-0.47534
1398,1,sorrow,1,0.00020855057351407716,-0.48626
1399,1,socializing,1,0.00020855057351407716,0.0
1400,1,editor,1,0.00020855057351407716,0.0
